sha256,sha1,md5,dex_date,apk_size,pkg_name,vercode,vt_detection,vt_scan_date,dex_size,markets,family,family_source,family_confidence,selection_reason
01897D57F06B3ECD134A32C5F41EB32BB21202189F87B8F2302D3F3754D56C15,1540C5A5F66664615BB685CFD8ADF75521296E61,474B9A4B26699F50A59B0B8E7ACAA71B,2014-09-15 13:57:04,17919202,ifudab.nmh.blank,40,16,2016-03-07 00:34:19,23692,anzhi,,none,none,"deterministic_rank_seed=20260727; filters=vt>=10,apk_iqr,dex_date_range;family_stratification=pending_label_crossref"
00A2CE0570E07446DEFA993FBA95BCC8DF434B9B4567AD9DF6D5A13E3F9D127C,51271191a70ca0d22990a7e78442a68d2a7f7712,290822dc2ed6996a4686128831587633,2008-02-29 10:33:46,6411243,com.addtmmu.dtmmucpc,10,15,2013-11-16 01:37:32,822188,anzhi,,none,none,"deterministic_rank_seed=20260727; filters=vt>=10,apk_iqr,dex_date_range;family_stratification=pending_label_crossref"
001A66A795D16FC7EA92DF975E68BC3031CABDA9C8B13B3785A14EA7BEE69A93,FCFF23CD7E87FCF6A4173FE1587EC66C437206DD,6347A184D09F47FFC3FD42156289AF79,2019-09-05 10:49:10,15101407,com.zxycloud.zszw,2019082901,10,2020-04-16 09:32:21,5798108,VirusShare,,none,none,"deterministic_rank_seed=20260727; filters=vt>=10,apk_iqr,dex_date_range;family_stratification=pending_label_crossref"
000EDBC90E9B672E347A4E67E382928450160E12159F0AD9E71DC8AFAADDEEC9,c12990c528041aea8a43ba72679f796ef26b1e42,42ab724f3fc09dd00d0e34a553280e06,2013-10-25 11:55:30,3290066,com.clean.touch.racingwdqDASX,3347,10,2013-11-15 23:38:36,486460,anzhi,,none,none,"deterministic_rank_seed=20260727; filters=vt>=10,apk_iqr,dex_date_range;family_stratification=pending_label_crossref"
002A453EDF22E506790823A697D31B20C1678096079864F067AE9EA6AD97A70D,D8AE4016F714885111E4673B51D67F663866C289,1375C1F1BEA69B695D66C66B88B37A7D,2015-10-23 11:16:36,7606206,info.nnoqo.wccdfd11242.eggwandoujia,100,30,2021-07-08 11:42:30,949232,VirusShare,,none,none,"deterministic_rank_seed=20260727; filters=vt>=10,apk_iqr,dex_date_range;family_stratification=pending_label_crossref"
008503A62B1EAF2BE1EB94A96B4EF1C7B8A4E0126E3F2A9B16CA3D975B2F6BA0,0adf8781d71567c80629511dd2ad93765da17800,fa91092968554da784134b8833ff7aa7,2014-05-08 07:53:24,3713153,com.sdfge.wty,34,15,2014-05-26 17:09:45,863692,anzhi,,none,none,"deterministic_rank_seed=20260727; filters=vt>=10,apk_iqr,dex_date_range;family_stratification=pending_label_crossref"
00799D7F96810C41D5EAAF6C473CFFC71DACF61CF8746D591664C7AFC9FC4E55,55E0337AA4C44B48430F4B948AD327DDF081E047,D5A3F90A54A880CEB58143D6F2B2762C,2011-10-24 14:50:06,5149328,com.baidu.easyroot,4,27,2019-06-20 18:30:54,1609044,unknown|VirusShare,,none,none,"deterministic_rank_seed=20260727; filters=vt>=10,apk_iqr,dex_date_range;family_stratification=pending_label_crossref"
013F158A3C6510796DAB031154046BED07486B31222A980C57382A12F24DDC81,E6383B18F2EE5CF85BF041D4AD14F045145B452C,B16AAAEFAE6D094E14DE8C6014CA6ACF,2015-01-29 20:52:28,5695517,com.blogspotdrichapksCoffeeToGoGame,1,20,2016-01-14 02:28:01,2777712,play.google.com,,none,none,"deterministic_rank_seed=20260727; filters=vt>=10,apk_iqr,dex_date_range;family_stratification=pending_label_crossref"
005024EF72F395CA56F494625622A30A43F1DCDFBC40E1259F7233D7C77D7786,8A4B7041ECBB87DADE0F9435E5A9CB7C4D1FAE89,14F801C6B6255CB31905A3D545C18D1D,2012-11-12 20:07:56,2772420,com.book_dfefpognigenn,1,21,2015-03-06 17:02:30,504148,appchina,,none,none,"deterministic_rank_seed=20260727; filters=vt>=10,apk_iqr,dex_date_range;family_stratification=pending_label_crossref"
00F576290D3F4B6BFDD38AE4C2C9E7DBFFBE3DC070CBBAC78ADFCAB654AB672A,242AE12EAADB1FFF7ED93564D8033DB8A9E6AD0D,D94D7AFD6EADE9B0B229B67CD4A3FABC,2018-11-27 23:53:00,7061232,com.tataera.xiaoshuowang,20,15,2021-05-31 23:05:50,3494496,VirusShare,,none,none,"deterministic_rank_seed=20260727; filters=vt>=10,apk_iqr,dex_date_range;family_stratification=pending_label_crossref"
00F580189CE37ABB32A0D284CBFD4C13AFA623D716C80521B365BC3E5A77A125,36AD6C9A72373AE5FE1500B3A8B4FF6700BFDD54,CF06B1E780366DEE482C12C38786F5DB,1980-01-01 00:00:00,4848595,com.kingoapp.apk,432,17,2022-01-06 08:56:35,6413696,VirusShare,,none,none,"deterministic_rank_seed=20260727; filters=vt>=10,apk_iqr,dex_date_range;family_stratification=pending_label_crossref"
0092DA54B620C0A8BA494515C42FA9C3847BA1AB04AF006105B61002812E1CCA,85576DCB04498810CBD310AA5FF74A8AC3C1F6ED,70A75568945DC8CBAE0787A92AD5B028,2016-03-20 20:53:48,6802071,com.asoapp.radiosdemexico,7,14,2016-04-18 10:07:36,5043216,play.google.com,,none,none,"deterministic_rank_seed=20260727; filters=vt>=10,apk_iqr,dex_date_range;family_stratification=pending_label_crossref"
00FF2021665F075ABCCB69D05CC4045FC78F44D55E9C464465231634685AFF13,C60853E58826DAA02EB3BBDA1D45E03FBA9BBB82,93FF1B3B2D7EF51009FD96F6D89DF2F3,2020-01-15 23:33:34,5012054,com.cocosxyx.bbbql,5,26,2021-05-27 05:49:34,2529984,VirusShare,,none,none,"deterministic_rank_seed=20260727; filters=vt>=10,apk_iqr,dex_date_range;family_stratification=pending_label_crossref"
008A2636514201AEB0FDB26C9318DEE84891EB129BC37AB6E370A275325BEDFE,f379953c769aff0aa9ec1d4e59114c67085c50eb,d46e338bcb994173a36ccf9d36c3cc6c,2013-12-18 22:23:04,6523374,jp.co.idac.zc,25,14,2014-01-30 16:36:38,1052008,anzhi,,none,none,"deterministic_rank_seed=20260727; filters=vt>=10,apk_iqr,dex_date_range;family_stratification=pending_label_crossref"
0090158DB9CBDA2BF84A726BC42CC2FD8281DE2456A8F4CC5726D060B1063D26,1DB1918635233BAF08ED0F4DDF65DBA1092025F7,A118983D1CB7C6ADC7A15081C3164220,2011-09-01 07:23:52,6585901,com.saubcy.games.puzzle.SFIV,1,20,2014-11-15 09:09:02,627588,appchina,,none,none,"deterministic_rank_seed=20260727; filters=vt>=10,apk_iqr,dex_date_range;family_stratification=pending_label_crossref"
003C7B932E8287E71A5BE655B11916E84900CC47B2A605CACD4ED6393C6884DA,A36E6A680DBA7A7D5EE42467C26459D41FDA00CF,D979AE56B9DF177DB3AD371D92612D14,2017-04-07 16:52:50,11418026,com.idddx.lwp.papa,28,28,2018-11-05 06:47:53,5719996,appchina,,none,none,"deterministic_rank_seed=20260727; filters=vt>=10,apk_iqr,dex_date_range;family_stratification=pending_label_crossref"
005A158B00B128BBE4A928546E70FA1531B0D05F4C6137EA52F47391552F96B3,0E0ADF3BDCA69410FE023102DA9712279868558D,BB256B04B37BAD804BA3C21E551DA4FA,2016-03-06 19:27:06,4596921,cn.zhui.client3674144,85,10,2016-03-15 21:12:04,2691776,anzhi,,none,none,"deterministic_rank_seed=20260727; filters=vt>=10,apk_iqr,dex_date_range;family_stratification=pending_label_crossref"
00F78F6226A8A19489ABBBB193F8776B87B7BF702D7348D0B5CAEC0C38C3B76B,B840778639632F7BD8479BAA8C078EF81C235100,855EF7E4580ABAF12D1CB92141A69F31,2015-07-29 12:44:06,8011488,com.ch.yu.dian.cheng,150729,18,2016-03-20 05:52:30,23456,anzhi,,none,none,"deterministic_rank_seed=20260727; filters=vt>=10,apk_iqr,dex_date_range;family_stratification=pending_label_crossref"
00C2AE383F5CE05BAAF31F8FEF59247EA019496769E798A8013E6FC704B6F156,B5597B3F9557EA584A75FDD7ED174A7B89E74895,0812EFE76068D893729DDB76A2F321B2,2015-04-23 10:07:00,9000999,com.xiajoy.threekindomm,2,18,2022-10-14 10:11:09,735496,VirusShare,,none,none,"deterministic_rank_seed=20260727; filters=vt>=10,apk_iqr,dex_date_range;family_stratification=pending_label_crossref"
0076A1E7FF3938F4B0ABBD905186D93983139D639C6755686183322CC74E80A7,3D05D8AEB5811FB8F9039A9C0CFA854BF2D593E3,202AC728D55DDCC2402685FC7690A7F5,2012-08-13 20:43:00,15288825,com.feelingtouch.strikeforce,6,10,2019-07-13 11:32:37,1451556,VirusShare,,none,none,"deterministic_rank_seed=20260727; filters=vt>=10,apk_iqr,dex_date_range;family_stratification=pending_label_crossref"
00B98FC6D915745B59F5CD2DB2FD4C301EBD368AA9E7232E5400DDE19A50FCBF,17685D3738541009D3E9E2851E06BACAD72491DA,B705E3A16542B150CC1576A37E8F53EB,2016-05-01 11:30:56,4483545,com.jarim.match3birdsgame,1,12,2016-07-24 13:23:44,2186084,play.google.com,,none,none,"deterministic_rank_seed=20260727; filters=vt>=10,apk_iqr,dex_date_range;family_stratification=pending_label_crossref"
013F961A2FCA99B2BE9576F0991F32B31E252D7479A83E1BAB8B70C8DCE6CE25,DF9ACE95D991BD4F91217ECAE23CFC1F1D95D7C4,08806892E7C89927395320374571AB23,2014-10-16 10:48:20,3512060,com.moobth.monstertruck,1,21,2016-04-04 03:27:43,1657064,PlayDrone,,none,none,"deterministic_rank_seed=20260727; filters=vt>=10,apk_iqr,dex_date_range;family_stratification=pending_label_crossref"
01B574A62F40C1278C83DC646819C6F52C9A281A4DCC18132CBC1736DF6EF4C3,b4c4755e64402d68e7d77d722da9822d11720398,10b2f3dc3b0146d096147b7ace59da7a,2012-08-28 09:08:46,5799799,playboy.boyphotafpro,10,11,2013-06-29 00:21:13,746128,appchina,,none,none,"deterministic_rank_seed=20260727; filters=vt>=10,apk_iqr,dex_date_range;family_stratification=pending_label_crossref"
003B1B5A236237CAF11FABBDB0C80CB0F9DDE49B05AEA8CF29A739C761967275,62B1DAC329E4835CA10EBA4A60ADDA3D2FFA6CD4,8F857DC23423745E2ECDBB4226BA9F67,2011-09-16 07:28:22,2681187,k.microcells.running,35,23,2013-12-30 16:07:14,835196,appchina,,none,none,"deterministic_rank_seed=20260727; filters=vt>=10,apk_iqr,dex_date_range;family_stratification=pending_label_crossref"
006E11BD7B82FB9F1D8A994780DD7E770FD8D642AC172791F105262504EDA272,68E0CC9A435F9822F09548368CF46AE49120A46F,D1F610F77E0393C612C3670B42547638,2008-02-29 06:03:46,10577981,Www.GHOGHNOS.COM,4,18,2021-01-21 20:04:46,2994964,VirusShare,,none,none,"deterministic_rank_seed=20260727; filters=vt>=10,apk_iqr,dex_date_range;family_stratification=pending_label_crossref"
015D941A7AEFFAE9FD7B2BDAC645B1D830859AF2480AECD6CA1908D59AB87D13,DB958251441B8ACDE2F01C19DAAD3E24ED04D49E,DEAF12A73345893253FCDDA30553FA02,2012-11-05 20:48:52,6173332,net.andhat.threed,10,17,2015-03-14 12:12:15,426600,appchina,,none,none,"deterministic_rank_seed=20260727; filters=vt>=10,apk_iqr,dex_date_range;family_stratification=pending_label_crossref"
01117CBAAFE1C55CA3AEAF7F1BB3A64F3979CE42D19ACDDE8F132DAB9334CB6D,5ccc8d56eef05fa77a1d8235b3b151a7b5c93560,4ba8b3abef0ebabdf532ee33da814f47,2013-08-10 19:04:02,4821637,com.spidey_3.city_dive.udiuh2013.pro.free,1,18,2013-08-19 10:05:43,954888,1mobile,,none,none,"deterministic_rank_seed=20260727; filters=vt>=10,apk_iqr,dex_date_range;family_stratification=pending_label_crossref"
00BBEC87B774AC573DD519D92BEFCEE3CD179FB0208190EBCDEBF60F0CC4D4D9,E83C5F9B3DF4525C1C52B4A18B47873F2425CBE2,BB8FEE5BD3F54FFBCFC6D88F397DC9A1,1980-01-01 00:00:00,3368622,com.auybbb.appksii,2018103011,11,2019-02-25 20:45:01,5706288,VirusShare,,none,none,"deterministic_rank_seed=20260727; filters=vt>=10,apk_iqr,dex_date_range;family_stratification=pending_label_crossref"
00900435BDC1C7BC3CB077752DDE81175A2C6FEB2F526FC939780258340FA687,2D009A431D871D59838646F834E93658528D34B4,6FF2FC166CCF85803EA63478E4023AD0,2014-12-09 14:35:38,12370240,com.fanwei.car,22,31,2016-08-23 09:32:30,4268,VirusShare,,none,none,"deterministic_rank_seed=20260727; filters=vt>=10,apk_iqr,dex_date_range;family_stratification=pending_label_crossref"
012479D03562E88F32D79732435056F1809EFEDCE003FE9063413E050066A562,29E5326B99DA49737432AC8CA8E526CC38787141,BB8DE96B583B282274CEE7732416012A,2015-12-14 15:02:56,4321305,com.lqd.goodhip,5,35,2018-07-10 10:40:17,1642224,VirusShare,,none,none,"deterministic_rank_seed=20260727; filters=vt>=10,apk_iqr,dex_date_range;family_stratification=pending_label_crossref"
00644BF156DB338023389B3280A5E2800C7DFAE3B2F57B1BD29A9662A3A614DC,6970ce15bd17b3d79ef9ea77cda559c57f69965c,fd69577ad8f74eddeddbaf301ddcb211,2014-06-03 23:22:42,7321477,com.ryworkds.uqxgoevj,27,14,2014-06-14 23:17:24,1129612,anzhi,,none,none,"deterministic_rank_seed=20260727; filters=vt>=10,apk_iqr,dex_date_range;family_stratification=pending_label_crossref"
00DFD5FB87ED07533FF63D47F6A49A4EB4FE10B8DC91DC5DBD754B9329081DD3,2c57a453e0750b08223d0a528ac9d218acfa7548,15073805cef405d59a00d18da492488c,2013-11-27 19:43:04,5568317,com.ramyad.ctgbijqpzedct,106,19,2013-12-01 22:13:21,1184516,anzhi,,none,none,"deterministic_rank_seed=20260727; filters=vt>=10,apk_iqr,dex_date_range;family_stratification=pending_label_crossref"
004A4D4C67D177DAA4C1773C129473A6BF84FD00971E69BD931B1018C46F6554,62F8612B890B56FB7E211CD473CC6AF5ACAA6AD6,2C391B76DDC69836E8C275D0D94119F4,2013-09-10 17:57:56,10749713,com.incyre.bunnehrush,1000007,29,2021-03-11 03:43:58,4827832,VirusShare,,none,none,"deterministic_rank_seed=20260727; filters=vt>=10,apk_iqr,dex_date_range;family_stratification=pending_label_crossref"
0095CB51A254D2FEF9110F72254B4CC3AA3002EEB60CC96460D8F18235E256E9,0C1B114CDAC948D8B60EC1B5C8B1BB580807EC39,236E02C281623BF228BEC67A159865E9,2015-01-29 11:44:00,3432595,com.zplay.popstar.zw,5,13,2015-05-07 11:45:52,1515808,VirusShare,,none,none,"deterministic_rank_seed=20260727; filters=vt>=10,apk_iqr,dex_date_range;family_stratification=pending_label_crossref"
008C510626DD5173492765A051778430778C76C7E2B83906D7FDC423224AE5FD,1FD75DE1D210AEEBB2BA9EDDBEBF9F9838710FD7,881A172BAFEAFE52360BE0D7F9636056,2016-02-24 09:28:44,15981810,com.adfdsair.dajiji,2326,11,2016-03-14 14:19:29,1252188,anzhi,,none,none,"deterministic_rank_seed=20260727; filters=vt>=10,apk_iqr,dex_date_range;family_stratification=pending_label_crossref"
01C8CFCCC2D3DA9A76AE99D7EB48010181D7C2D31D61CC45325CFAEA72512A3D,1B070A1AF2B547C8CEE66C1D3CFDBF1125964CE0,531657FCFE693E84002B371C5C4E123A,2011-09-29 12:52:44,2500230,org.geometerplus.zlibrary.junshiliangjian,713,22,2015-02-06 14:18:10,2259588,appchina,,none,none,"deterministic_rank_seed=20260727; filters=vt>=10,apk_iqr,dex_date_range;family_stratification=pending_label_crossref"
0162B4D57A98DF1D50783B9D299F3661EDFB230632E8D230F5322C2CDA4BEF70,6B01057AEC56BB17BE40ECC18479C8AA6968B25A,150FE24F0AA00AD9FE1814A915257171,2015-12-13 15:09:18,3375312,com.classywall.livewallpaper.horsewithfierymane,2,19,2016-02-14 20:08:45,4591796,play.google.com,,none,none,"deterministic_rank_seed=20260727; filters=vt>=10,apk_iqr,dex_date_range;family_stratification=pending_label_crossref"
00DBEF2489A1E52327560C113D929B59339AA2ED7F7B2E7B60BD43764BCFAFD7,E647DD4AD99FEF33AA51805371BF03C938D49ED4,190D24181F2D05C9A216728C9DE5FE8A,2016-03-22 15:53:24,14768335,com.pewpewentertainmentzhan,9,10,2016-04-24 09:08:33,109768,anzhi,,none,none,"deterministic_rank_seed=20260727; filters=vt>=10,apk_iqr,dex_date_range;family_stratification=pending_label_crossref"
00BB316263495AB8AB40C2753832434BFE12A76C1DCC838F7822E8B86A2DDD1F,4bea3ecdba8c35c29378faf023bfa1945a891a89,1f58ed9f2b818dad281834b630be9eeb,2008-02-29 10:33:46,10235056,com.adroidzscpc.myGuitarxb,66,18,2013-07-26 13:21:01,701584,anzhi,,none,none,"deterministic_rank_seed=20260727; filters=vt>=10,apk_iqr,dex_date_range;family_stratification=pending_label_crossref"
01C4B1DF2670B477178F72E93D85CDB124FB1063EAF053BA08D0B8FE4286C1EF,74B2BB53BA2B72282C586BFB79FB18C448CF445B,FE5568D248219E678D3E73824AB697C6,2017-03-09 13:34:24,6559169,com.reincarnation.wooddoorwithsidelight,2,13,2017-08-17 14:51:57,1421940,play.google.com,,none,none,"deterministic_rank_seed=20260727; filters=vt>=10,apk_iqr,dex_date_range;family_stratification=pending_label_crossref"
01349ABB6DCC0FBE2EC9F3849620965B3DB7E71496F5DB5F257CABD86E735A2C,03E9260DF68234CD14E13E52C4A31E312C79E750,092D147AFE7305659C3ABC3CC1C2E900,2015-11-30 10:08:28,18772030,com.zcl.zredkey,41,10,2019-10-11 13:40:08,6624,VirusShare,,none,none,"deterministic_rank_seed=20260727; filters=vt>=10,apk_iqr,dex_date_range;family_stratification=pending_label_crossref"
0174F28BCB29867F479C6AED4F64ACC3962F7748261430187711B02D2C374529,4F4FEF2061AB790639793478AB24AC648E517530,54ECEEE844AF68699AD4448E85F0EBEF,2019-03-02 01:28:54,7997617,cc.dangdang.dangdangzhuan,661,10,2022-10-13 09:55:47,3910020,VirusShare,,none,none,"deterministic_rank_seed=20260727; filters=vt>=10,apk_iqr,dex_date_range;family_stratification=pending_label_crossref"
00C07676D64C1C9756CD88C0CD4C1D196AC577A1036CAADFFB1BDC6385985C55,B8459F8509A95053163F4ADDBF875D7181632FD1,F8628B9D5B3742B447567F586C28433F,2015-08-16 14:46:10,2503891,com.myatejx.sakernote,47,13,2016-02-09 11:46:40,4072,anzhi,,none,none,"deterministic_rank_seed=20260727; filters=vt>=10,apk_iqr,dex_date_range;family_stratification=pending_label_crossref"
00A247E7141E97BAFF98BB1B6A9333018845337B448903B3B5A857EB7E482799,3741754A7A0DE3D6CD1292562310869E1626E17A,AFEEFF42BD69E7A90903C446F21D2536,2016-08-17 10:22:58,8880072,com.zxc.roadkiller,104,15,2019-11-20 15:27:09,348316,VirusShare,,none,none,"deterministic_rank_seed=20260727; filters=vt>=10,apk_iqr,dex_date_range;family_stratification=pending_label_crossref"
00A539BF2FD4AD2FDD16EB5C56E2ECA7E3B84BFD5D8DA1B56A9D32DDA2D9E68B,448AA6B3320F857F72A5A9E40DDCB8B14068ABCC,FBB3DB933C2AF775A23892554AB647AD,2017-09-02 14:48:36,5332168,com.list.steelsecuritydoors,1,11,2017-09-20 08:53:02,1347240,play.google.com,,none,none,"deterministic_rank_seed=20260727; filters=vt>=10,apk_iqr,dex_date_range;family_stratification=pending_label_crossref"
01659E827C469350BAF6A8336F7FEA9A3DB3B343FAC9854943002787D7A9D58A,BE64B5B7667F1848DD44153ED8804DF72AE47476,C40AA86F5A187826E3C0F4CB00BBE4C8,2012-07-02 18:33:10,9330200,com.nd.android.pandatheme.hellokittyxairoujuly,1,10,2016-02-09 14:45:22,21204,appchina,,none,none,"deterministic_rank_seed=20260727; filters=vt>=10,apk_iqr,dex_date_range;family_stratification=pending_label_crossref"
00CBF123A69A5CAE6165DC9B375347C6B98737929FEE9833AACAB5737C8FDB90,0284461f97de8b913a30951d594ce17ab41729ea,cef45ed0686a5de070ec5720d6e36c18,2014-02-12 15:42:48,3594717,com.xzippozone.yzbesv,202,15,2014-05-28 02:47:17,19388,anzhi,,none,none,"deterministic_rank_seed=20260727; filters=vt>=10,apk_iqr,dex_date_range;family_stratification=pending_label_crossref"
005244D86B2B9B09D28BD2970B2FC156E109830575FC436542DA53F7C9956123,08B8FA8708B1A1808841907845672D5A31C149E4,002A4BC228EBECEAB762A879EBAFFE65,2011-07-18 22:25:34,3286534,com.tiexinbao.ximo.personage,2,18,2016-03-19 19:11:27,372876,appchina,,none,none,"deterministic_rank_seed=20260727; filters=vt>=10,apk_iqr,dex_date_range;family_stratification=pending_label_crossref"
00A990F5399B05B07DE3793E9F2F7F8253B755BC3F9170202BB240EA446FCC68,3DF297022F3CCEDD9D18A9707CD39D1B788F0795,7E682A3A2BAD49B284C22BCF991EC984,2014-08-14 13:46:52,4203553,com.i22vilimonowa.kvartirnyjvopros,100,20,2016-02-09 10:06:42,7374228,play.google.com|PlayDrone,,none,none,"deterministic_rank_seed=20260727; filters=vt>=10,apk_iqr,dex_date_range;family_stratification=pending_label_crossref"
00CB4910576BC78AA2667B4BBD28F02BA153BB16CFBAFE50B050164B56834F9E,76E1FA6AF13C75554518492B44D889798C367ECB,1D62D8812A9021C45D522A4DA6A176C6,2013-03-16 15:36:12,3118261,com.yang.douniu,6,13,2016-03-16 09:02:22,2161436,appchina,,none,none,"deterministic_rank_seed=20260727; filters=vt>=10,apk_iqr,dex_date_range;family_stratification=pending_label_crossref"
00F72F318379C956FC6802DFE7154035E61C69610C65DF9E6761B149F3467BA0,c7474be22d0a3076aaa52732a5d53e0f47cec7b2,8120187c937602cd1da9f7cb5f20b6d7,2013-12-27 15:34:52,4751148,com.jzt.app,40001,18,2014-01-05 09:19:13,1563644,appchina,,none,none,"deterministic_rank_seed=20260727; filters=vt>=10,apk_iqr,dex_date_range;family_stratification=pending_label_crossref"
0195D81291F1AE33A32DA84BC702136DCE55F851FDD2EEC0F6F54E394876DFE2,C727CFB4C0ECB4DA7CFE7290E928001A3CC6BC1D,9F28633D0AFE74D1F72B64782C88B928,2014-10-23 09:04:48,6399946,com.devopteration.findmyandroid,1,15,2016-02-07 21:36:30,7314844,play.google.com|PlayDrone,,none,none,"deterministic_rank_seed=20260727; filters=vt>=10,apk_iqr,dex_date_range;family_stratification=pending_label_crossref"
009247F9FCA7306A6785311554B4396FEB3CD5581711F666879EA90898CEA362,70BA7BB67D7811580FD137EC8CBB8122335CF548,D9500431290C8296EA38BD4D604F22AA,2019-12-16 18:06:30,12968881,com.fhx.zydab,101,10,2022-10-13 09:51:53,3795080,VirusShare,,none,none,"deterministic_rank_seed=20260727; filters=vt>=10,apk_iqr,dex_date_range;family_stratification=pending_label_crossref"
0066CF1ADDA9E1282E2C02FE81899F66F7C2FFB466EEFFD5434A2AFEB4DB01EA,833a671fd2d787674f8bdcafe14a117a1cbce15f,31ff15282b507e98b66c4697f265161c,2014-04-03 15:11:28,4153894,com.andy.rowing,3,11,2014-05-27 15:03:00,806648,anzhi,,none,none,"deterministic_rank_seed=20260727; filters=vt>=10,apk_iqr,dex_date_range;family_stratification=pending_label_crossref"
00506D672D6B715ABA3BAB94937B4074CBF1663863507294C5F41952C67CC2C5,C6D32C98BDB74BF7AF7909028A7C6972B9E35005,9D813BDDFA7CD34B07ECE4149D1C9765,2019-07-16 22:32:06,4534604,com.kuxuan.kscoupon,120,10,2020-06-05 08:03:18,2787340,VirusShare,,none,none,"deterministic_rank_seed=20260727; filters=vt>=10,apk_iqr,dex_date_range;family_stratification=pending_label_crossref"
01834B86BBE8A3691FD855EB24F9D4AD58B85F546E4DAC9FAF9AC1C14F6A2C53,30784B281B3CA9FF866A312004577DBD834EAAC5,C134375A52B7738D2975361C53E709E5,2019-09-23 22:33:22,5261311,com.example.seh,47,11,2022-01-01 18:35:04,2010232,appchina,,none,none,"deterministic_rank_seed=20260727; filters=vt>=10,apk_iqr,dex_date_range;family_stratification=pending_label_crossref"
01A3E97D4C09B78F7844F49738A8A9DF20E8FEE1A7800B1D5B17D7D0B762239B,69198c7555bddbcefe4c0a697dd96ee3f8d8165b,91db4e6d149adc70cc579b05d115889f,2013-11-20 09:45:42,3954689,cn.howie.base.ui.activity,27,11,2013-11-28 03:21:08,3860452,appchina,,none,none,"deterministic_rank_seed=20260727; filters=vt>=10,apk_iqr,dex_date_range;family_stratification=pending_label_crossref"
00C8B35C95FD4081AD78868E79648D1BF102B40F9AC952A22C81F03B94830033,AA7C2AF3E6778F7934C6B55D8CDDE0958AB9EAC1,ED6CAAA2F59D570C2E5D8963740BFD63,2019-05-24 16:36:50,6739677,com.budejie.v,20190524,11,2022-10-13 12:20:01,3697460,VirusShare,,none,none,"deterministic_rank_seed=20260727; filters=vt>=10,apk_iqr,dex_date_range;family_stratification=pending_label_crossref"
005D8B5594355405F02F09C1ECE4A89B0DA65FAC18114C2114FA9B2D82DD65DC,A65D9E0BDBD37FBDF541CDD9A928D0B7FA17C4D7,1A96C54ECC763CFF1A1CEFB03E9ECA57,2016-05-08 10:29:10,2799383,cn.icelamp.pro2048,8,10,2019-12-09 12:59:40,1298080,VirusShare,,none,none,"deterministic_rank_seed=20260727; filters=vt>=10,apk_iqr,dex_date_range;family_stratification=pending_label_crossref"
01B81A6B4950B60D023CBCD5FE5CA39462343283A442080825525ADA8F7879A3,4fce923db406c587402068194ae48aa4e796e628,f4fa05f270a2fda9860359d35f0f1301,2014-03-17 12:54:12,10511380,com.zhaojuanhong.lanqiudaren,16,17,2014-06-29 07:41:43,134908,anzhi,,none,none,"deterministic_rank_seed=20260727; filters=vt>=10,apk_iqr,dex_date_range;family_stratification=pending_label_crossref"
00CDE4AF14A2BF572996D1911978C70600F7AC2046815245B536B7C845A975CF,E4B00BF1527E0B32760E48763C67BD5246BC2564,08C63DE21915B51260F431DC7BA8AFA5,2017-12-21 14:41:26,8983679,chubby.escape.boy.adventure,1,13,2017-12-29 09:49:57,6596412,play.google.com,,none,none,"deterministic_rank_seed=20260727; filters=vt>=10,apk_iqr,dex_date_range;family_stratification=pending_label_crossref"
0160800569C1BF92B73A2271099643EBB06E35C176BC2A34D18122B2F3E5A859,81A3C077248EF6A9A2B809ADEB1BE5E86B46C1CE,929A2774D1F6DE1FF5AB70386A02BF6F,2015-07-19 13:58:12,10067259,com.wode.hangzhouly,20,17,2019-07-22 07:40:12,267876,anzhi,,none,none,"deterministic_rank_seed=20260727; filters=vt>=10,apk_iqr,dex_date_range;family_stratification=pending_label_crossref"
01229145174A97DC25908C14DAEF114E4D18A8BE45922B84389B0B775A0F25D0,c067a932db38fa2cccbd2a431620f367a29865be,eda981f3bd34909763847580fd7f1921,2013-12-21 12:39:22,12727169,com.kgsgz.rzzs.jtfk,22,12,2014-01-20 22:37:27,19412,anzhi,,none,none,"deterministic_rank_seed=20260727; filters=vt>=10,apk_iqr,dex_date_range;family_stratification=pending_label_crossref"
017FCF0D1A040FBBD59D63ED7CF6F07A4869DEA0C86E963CCF4819E4B19D7DA3,1A1FDC60183221C50820BB4ACA9922738E5E1BEA,3B4F20D76E7936FB44D0E155752DEE1F,1980-01-01 00:00:00,6253190,com.mobincube.calisthenics_workout_plan.sc_HHWNE6,1,11,2017-12-05 18:08:06,7370176,play.google.com,,none,none,"deterministic_rank_seed=20260727; filters=vt>=10,apk_iqr,dex_date_range;family_stratification=pending_label_crossref"
00C5A3ED5DA6B376E31B1D82C9C4184899F2FA56D9A4A4D6C063DF6165C125F3,741591821D21DCD5248F94E9196C489492455723,4661EA49B54CAFA978488520D326F6B1,2012-05-12 10:42:56,4162622,com.gameloft.android.GAND.GloftF5HP.ML,109,21,2016-01-13 22:14:48,353432,appchina,,none,none,"deterministic_rank_seed=20260727; filters=vt>=10,apk_iqr,dex_date_range;family_stratification=pending_label_crossref"
001BA8C2C8DA7525E65B24DA7BC7737A8A00260A8633CADAB319428BBAA0FF93,3CA6994C5833C9EC67A71909A79E61B3EE4843D3,BDD33041AC57DC363B04A00D15586209,2012-10-17 14:31:46,3277935,com.china.ccfcjyx,1,14,2016-07-20 09:36:41,2047168,mi.com,,none,none,"deterministic_rank_seed=20260727; filters=vt>=10,apk_iqr,dex_date_range;family_stratification=pending_label_crossref"
00A24E441B23884CED0148DCCE440483D385204539A5B4FB1495989A070797F4,DF5EE57032CDC346F2D6909F09E3D8A968F364DF,F4DB0C4700A1DDFD239BD9CE79188843,2012-12-28 17:05:26,2834725,cn.dandaner.xwm,4,28,2015-12-08 09:14:03,304100,appchina,,none,none,"deterministic_rank_seed=20260727; filters=vt>=10,apk_iqr,dex_date_range;family_stratification=pending_label_crossref"
01B68E9C99F37274E7384C6DBD79F02E1EB885AE45EB6D3C7EE8A03BD0AF61EA,83853F875AF68658D2740558CC048B2D27532C33,F6E29C979CC44EB5D50D07EAC17028E2,2014-08-04 08:18:44,6183520,createcoolapps.ecarross.deletepicture,1,12,2019-07-07 08:13:09,8046768,PlayDrone,,none,none,"deterministic_rank_seed=20260727; filters=vt>=10,apk_iqr,dex_date_range;family_stratification=pending_label_crossref"
0116C77914C1F76138B0DD5F50B4DC2D0C34F271D836DA898466776044E00F26,C472CD4997F00D30E7CB23E046F0E5809CADC182,C3E146A7F00F2C49226AC05F77495081,2019-03-14 15:32:32,4508925,kuaidu.xiaoshuo.yueduqi,1100,10,2020-04-13 01:43:14,1495424,VirusShare,,none,none,"deterministic_rank_seed=20260727; filters=vt>=10,apk_iqr,dex_date_range;family_stratification=pending_label_crossref"
001B8209AB964EE2CB6DB49963D1910A456BEEF71442E9D17D1AC921F9BDACC7,397f8e658020ec26251450b4c0a84680051f6362,bf660c64d2c3f28a61f1f8f2964593f7,2014-01-24 15:38:00,6257448,net.netm.app.magicbowling.knuf,15,12,2014-02-10 08:24:31,1036628,anzhi,,none,none,"deterministic_rank_seed=20260727; filters=vt>=10,apk_iqr,dex_date_range;family_stratification=pending_label_crossref"
00D899395557EAC981A41832B488FC79877B4ACDD63599B9BCA135570A14431A,D1AFDD65CCC170E3846F470C209BE535813B1046,35A50DB65FF61437AE6EC26B89958DB6,2011-10-19 14:20:04,3531293,com.za.android.zan7pnMrDccVdliqlw,60000,13,2015-12-08 09:15:23,680252,appchina,,none,none,"deterministic_rank_seed=20260727; filters=vt>=10,apk_iqr,dex_date_range;family_stratification=pending_label_crossref"
017249DFF88E7F5BD13D15CA2717A4B2969C89C4CE12585FBC91A6BC19131226,478575ED1251CF61A70C1692DC8A32A48673E805,E1339251D3DD483E4930FE445E5C99AA,2014-07-25 18:03:02,3222066,com.feelingtouch.NinjaRun,42,18,2021-12-26 18:36:55,468952,appchina,,none,none,"deterministic_rank_seed=20260727; filters=vt>=10,apk_iqr,dex_date_range;family_stratification=pending_label_crossref"
016D810B915F6A18EDBBA43C208430A4EEB4A1DE66E7CC6048A332853E9FE509,D5E18A761DE633F5B55754EB53883242232788AA,67122F2F967AC1436ACA76A5C04EF5BF,2012-10-16 20:18:40,5179380,liehuo.zhan.che.dehua.liu,1,20,2014-09-12 13:23:11,241872,appchina,,none,none,"deterministic_rank_seed=20260727; filters=vt>=10,apk_iqr,dex_date_range;family_stratification=pending_label_crossref"
019DD9FE936C9B4AC784A7DBFC4882F44758EA1D40169773EA87C24088656847,C5457A468FD7C6F2D23A6801D1472160450BBE0B,45AC317A8078E45A06933E8D139AAD97,2015-11-11 17:40:08,6672575,com.ewew.hjkuy,136,14,2016-03-19 10:51:39,2259464,anzhi,,none,none,"deterministic_rank_seed=20260727; filters=vt>=10,apk_iqr,dex_date_range;family_stratification=pending_label_crossref"
0184F4FBD7F7B160EE98437E149703EB642FDB8B2E8AB493814652E168D633DA,9D1287674DA994BDFBAF060F0E14B76E65FF28E9,93A559F3F9BC55F420E8EC1F5E475803,2014-08-12 00:37:32,9514021,com.tuk.dog.breed.trivia,1003,14,2016-03-31 17:22:18,2134104,play.google.com|PlayDrone,,none,none,"deterministic_rank_seed=20260727; filters=vt>=10,apk_iqr,dex_date_range;family_stratification=pending_label_crossref"
010EA277776B4FCA5518DAAC7D0479ECC10EF08817910F793402993312F6A441,70dc643c0757a099b6b0bf72694d37666c24a92e,abff446e11a20cd862f074b368b02831,2013-09-05 16:32:20,16111561,com.artfactory.vsmode,7,15,2014-01-27 06:37:14,1487652,anzhi,,none,none,"deterministic_rank_seed=20260727; filters=vt>=10,apk_iqr,dex_date_range;family_stratification=pending_label_crossref"
0031F986F71D241FA8430A75B2CE0950F50676D26023321F0F457CC9031C02EE,A827537516E7665A74BF87657C3B491F649C1D7D,3ABBD0E45879050012337AF140254969,2014-10-11 20:08:38,6845929,pom123492.app.dee,1,12,2016-03-29 15:31:07,7313620,play.google.com|PlayDrone,,none,none,"deterministic_rank_seed=20260727; filters=vt>=10,apk_iqr,dex_date_range;family_stratification=pending_label_crossref"
01384B3E8053ABEA8BB66600D3B85C838324D64D7752A7B947AFE925DE8A880D,E8AC38BCF2375042CF1598A788618579AC4F4F92,EF59CA38054EDD7EB136EC992F2F25C8,1980-01-01 00:00:00,17422002,zifu.payment.useyourwallet.zifu,1,12,2020-05-30 06:00:21,8449204,VirusShare,,none,none,"deterministic_rank_seed=20260727; filters=vt>=10,apk_iqr,dex_date_range;family_stratification=pending_label_crossref"
001DDDEB3446EFFD335F31CD7D8CBD57057192AADE458A312CA875BCBA27E1BC,A05F989920C4884B9F285325969F89264C264B65,6A34250747B3FFC01C73A6845EDEB391,2012-09-09 22:38:52,3026974,com.djdaolang.opgigantbattle,103,12,2015-02-08 15:52:36,222464,appchina,,none,none,"deterministic_rank_seed=20260727; filters=vt>=10,apk_iqr,dex_date_range;family_stratification=pending_label_crossref"
00F7F2EDBBE5EE90D5F43986E0D979DC5AC9EC9B093E9B15D20316535766CBC1,A1F17B7494AFBB7642269135B429A5DC4E667B3D,80F2C76363AE927643B0CC65D78937A2,2015-05-16 17:26:16,4364332,cn.zhui.client822176,115,14,2016-01-16 22:32:10,2691476,appchina|anzhi,,none,none,"deterministic_rank_seed=20260727; filters=vt>=10,apk_iqr,dex_date_range;family_stratification=pending_label_crossref"
019701A86C4DA07A219EF7717986092C6FDC7829CEEF25F7442F12107B44C1DD,C2A98FFB5F548FCB91B9943CCFB6D0FC6627E6CC,C6EB0C70129E6B76B163D65C8E820DEB,2018-09-12 17:36:58,8811579,com.vlocker.hggx,533,11,2021-09-27 23:55:48,3439476,VirusShare,,none,none,"deterministic_rank_seed=20260727; filters=vt>=10,apk_iqr,dex_date_range;family_stratification=pending_label_crossref"
0046E1F387914F7D15563193DBA086EF7576147BC1AAAE007B3DDB653CF428BF,B199535972BE5B4E2E17CD8EC187F677AD4F9FD6,70B61F1EE9203BDCA0C8B7B83F06E292,2012-04-16 18:07:20,2601168,com.laiqian.milestone,40,16,2013-09-26 13:11:14,1329640,appchina,,none,none,"deterministic_rank_seed=20260727; filters=vt>=10,apk_iqr,dex_date_range;family_stratification=pending_label_crossref"
00F09B2ADACF7FE91FACA1614C264BA97804EA05A81DF94ABB992BF9605E5EB2,BDF056980CF957007333FFAABBA7FA9BA2B433C6,E06870BEFD5ECDA781C5FA8C8A2396A3,2013-04-08 15:43:38,7801315,com.wondertek.cnlive3,126,27,2016-03-19 18:27:54,888456,appchina,,none,none,"deterministic_rank_seed=20260727; filters=vt>=10,apk_iqr,dex_date_range;family_stratification=pending_label_crossref"
01390BB597853C49DB5D58B248A4DEBEF589345103402780AF664895010B6145,7E8D45B83E314BEFC96AC78D519D3FFC730A1537,169E79609E30F9735FD3DE104F34E395,2021-09-23 17:17:26,15455197,com.baixing.screenshot,321,12,2021-12-25 18:34:49,3171264,anzhi,,none,none,"deterministic_rank_seed=20260727; filters=vt>=10,apk_iqr,dex_date_range;family_stratification=pending_label_crossref"
011DE482DBBB684FF0AFEC7433E1E86438EDF5FC054943C350EE3CC338B67E9B,7c16bdd9f21140b8814502f3c7d62c85b15b4c8d,a5ac1ebe529bae897da62032eb6c20ae,2014-07-04 14:11:42,18094803,com.Oswlch.ddferta,120,15,2014-07-15 11:04:25,715416,anzhi,,none,none,"deterministic_rank_seed=20260727; filters=vt>=10,apk_iqr,dex_date_range;family_stratification=pending_label_crossref"
013422ADE961B7A4647309632BA5E9C943346D400FC2C81C8ACBB3BD38AD112A,C04A1ACA0EEC59A22066A4B2D768CE66D88BD76E,3021F0A120DE0DCE443D92932404B18F,2014-08-07 19:13:00,3813611,com.mobi.livewallpaper.hzw,35,17,2019-03-08 15:04:04,3069316,VirusShare,,none,none,"deterministic_rank_seed=20260727; filters=vt>=10,apk_iqr,dex_date_range;family_stratification=pending_label_crossref"
00436949147A9777BFA5F307DFD0D40D276B07C681DC6D8728203F0471DABF5A,FFF3912A7696E778C9CC985F051A119399CF4F9D,5F01E562652E5DBEB1C10B6F60E6C80A,2013-08-01 15:10:38,10504242,cn.jj.lordhl,10912,10,2020-03-20 01:52:51,4903704,VirusShare,,none,none,"deterministic_rank_seed=20260727; filters=vt>=10,apk_iqr,dex_date_range;family_stratification=pending_label_crossref"
016891CDFF65710E9DC48B366019B94C3D49D5B228EEC990B488B91DD016DE06,40DECBC304BEDC628DD99278AAED56BE6BAE97F2,E4997223E75FCFCC92D15C9C37A0E2CA,2008-02-29 10:33:46,8324156,com.game.UnicornDash,271,13,2015-12-24 10:57:44,753192,anzhi,,none,none,"deterministic_rank_seed=20260727; filters=vt>=10,apk_iqr,dex_date_range;family_stratification=pending_label_crossref"
0018D89F559398F4FA838978645E6EC494B6161692581F34ADC4547EFE75D22B,7728F1C448D54C38E4DAAFDF30827F24399CC77A,E5BEAB2C97CC4B0938B9448B96D5C3A2,2014-09-09 10:53:06,6088515,com.kejora.elbebe,1,15,2016-02-07 20:37:37,7722880,PlayDrone,,none,none,"deterministic_rank_seed=20260727; filters=vt>=10,apk_iqr,dex_date_range;family_stratification=pending_label_crossref"
007324EE2252D35C0D2CDE4F035A43AE1451EC04C6FE94F607CA749E1EFD7D32,3eaf6e5cc61255b87b09c0146a25ede8caf3931a,96da6efc1bdd7f1733be412a3e42835d,2013-11-27 16:25:44,6537437,net.zhangfx.vwidlbrpg,104,10,2013-12-05 23:15:54,957244,anzhi,,none,none,"deterministic_rank_seed=20260727; filters=vt>=10,apk_iqr,dex_date_range;family_stratification=pending_label_crossref"
01A2A9CA44FAF3F04E19720AFBD62476F2BA20173DACF50C6AEB32FD11FF2C48,CEAF39266AF8EDFBB0B84295EA23A5F1200C490D,09ACAD45F80EC52C32EE4089560C43C1,2013-04-07 21:05:26,7998637,fun.app.tieuthuyetngontinh,1,27,2022-08-20 19:04:30,499908,VirusShare,,none,none,"deterministic_rank_seed=20260727; filters=vt>=10,apk_iqr,dex_date_range;family_stratification=pending_label_crossref"
017088CCFB8CACC531DC6703E4646200E2F3335C7CC7757CCFE8323897B88CAD,F8700EC0EEBE92F4591A27721F5413D6B80589F0,32D55EE61B22BEAADA9FFBD5585D8B40,2013-09-27 19:35:58,3762052,com.tadu.android.singlebook.td_349000,2,27,2017-03-18 04:16:45,1586356,VirusShare,,none,none,"deterministic_rank_seed=20260727; filters=vt>=10,apk_iqr,dex_date_range;family_stratification=pending_label_crossref"
0078DF2873A2782520A7AF67320FB63A450A2F08EC08F895BD9DD83DDAB39B70,2f599892ce46a74fe313b2052253a305d5653f8a,acf8c3c4bf4d1034d7844261dc1e7c26,2014-01-20 22:00:54,2810711,org.HSBapp.gobang.activity,12,16,2014-05-28 02:57:16,1578404,anzhi,,none,none,"deterministic_rank_seed=20260727; filters=vt>=10,apk_iqr,dex_date_range;family_stratification=pending_label_crossref"
00B5188473C0BB2937E42BFD1F96A75A47485BE007F10625548292B42B89BCC0,F0A7CA89E27955B512DFCF3B2752E4D694FF15AF,E51BABB9EC952DB45FBCD069BCC06A06,2012-11-05 11:31:28,4105108,com.bbt.assistant,5,15,2014-05-14 21:07:56,1443024,appchina,,none,none,"deterministic_rank_seed=20260727; filters=vt>=10,apk_iqr,dex_date_range;family_stratification=pending_label_crossref"
00C3A03A017C71EF2DE9A5F1149C1060C1C803AE0DCBBCF0B44EBB8C2E5D2242,2C0236B246E9E4EB6916137EE69FBFCD45F4C279,A5D648923067EF5CE4DDA46342144C6E,2015-04-15 20:00:24,4117480,com.anycall,100010120,22,2018-11-02 08:40:29,4288,appchina,,none,none,"deterministic_rank_seed=20260727; filters=vt>=10,apk_iqr,dex_date_range;family_stratification=pending_label_crossref"
003BD2C7DF2F65B096D173991C309DA0B52D4C702E528FCBED74859A2181D577,B506ADCE9DCCA5C67C66181CD490631EF08399F6,31755EB904001081AAE4C305422E459B,2019-06-17 22:18:00,12615318,com.android.IPM,214,11,2019-11-20 13:23:30,6549804,VirusShare|appchina,,none,none,"deterministic_rank_seed=20260727; filters=vt>=10,apk_iqr,dex_date_range;family_stratification=pending_label_crossref"
00561B1B1A1C55CD0DC2138A920C4F1D6BB7948631419F61A05248DEF69A1E3E,dd86faa375db40332a71c7e40d13dcdbd4b5ad58,02d0b5a514507e9e419a2e4d915bb871,2014-07-07 01:21:48,11166035,com.gunfront.fgegua.gade,1318,14,2014-07-23 21:09:07,973056,anzhi,,none,none,"deterministic_rank_seed=20260727; filters=vt>=10,apk_iqr,dex_date_range;family_stratification=pending_label_crossref"
0117398AAAEC15884D6686CFD322850081523270EBE4CC1828079C9ED8A9CBBE,DD47B176700CE79F0536FF680F2EF9FD4A8A9213,33D0775E259049A6396B14C167892E10,2016-05-10 14:18:00,13299059,com.FengHuang.FKTank,1,12,2019-08-27 11:37:18,182356,VirusShare,,none,none,"deterministic_rank_seed=20260727; filters=vt>=10,apk_iqr,dex_date_range;family_stratification=pending_label_crossref"
000DC1EA922C6E686D14646A605048D9466129C830E5F2F9931B7AB050BEC39D,26BB2FBC73650AEBAC70C935EAC6CD495FEEBBBA,A8EFE60B26676B2CCAD91AE1621DE55F,2018-08-27 15:52:26,4705382,com.fbhtech.fbhbusiness,1204,11,2021-03-20 16:04:17,2314944,VirusShare,,none,none,"deterministic_rank_seed=20260727; filters=vt>=10,apk_iqr,dex_date_range;family_stratification=pending_label_crossref"
0150EDEA2677CF092629E1972E53ADA0EC270801306E48439CF1994AE6E2BCD9,722a19e1422505805909cf619ed156f842550ea0,2f3413733903f28e409295c63b9c2a58,2014-01-22 14:39:28,5393966,com.eyu.privacynote,6,10,2014-05-14 18:24:32,21112,anzhi,,none,none,"deterministic_rank_seed=20260727; filters=vt>=10,apk_iqr,dex_date_range;family_stratification=pending_label_crossref"
0026D5F4351AF939B9ABDCB31D904D45FC771DF14BA8D93DDE73C7443A2BA31C,748D2C7BAAF0EF9AB88098D9CF2243E42422588A,A33C5B4317E21C025272B26B38153960,2014-10-09 07:33:34,6944137,kw09.kw1409204,3,12,2016-08-23 10:15:52,7313616,PlayDrone,,none,none,"deterministic_rank_seed=20260727; filters=vt>=10,apk_iqr,dex_date_range;family_stratification=pending_label_crossref"
01C28F3A814D36EB2E0748ACAE1D442DA3A11251A9454EC261B2D8038DAB7F28,27CE861D444C4A45BE32B97292F2CC9DEBB91073,81A5388EF11ECAF8FB98A43B71EACC8F,2014-10-09 09:41:04,9921108,com.branamlarabicrecoverusbdata,1,12,2016-01-14 17:50:39,7313632,PlayDrone|play.google.com,,none,none,"deterministic_rank_seed=20260727; filters=vt>=10,apk_iqr,dex_date_range;family_stratification=pending_label_crossref"
00A291351E077279D5100616E0FFCE44C810C6E67EB92BA1B5D985689E34BCFE,67A69B942C14FB3C37648AF32D357945FF3A151D,A0565AF3C635EC2F9FD2AA2EF86FE948,2016-03-23 13:36:54,3944117,com.junior.tt.juniorchemistry,1,10,2016-05-09 22:10:29,30816,mi.com|VirusShare,,none,none,"deterministic_rank_seed=20260727; filters=vt>=10,apk_iqr,dex_date_range;family_stratification=pending_label_crossref"
011E192A6C922DF9760E9A489B57D0F3E0C36AC0DDFA9C180F8C46330AE4F0C4,24E3617A8F7639E3564058A0142CCEF82C899324,376FCFE02D673481574550B3D9788019,2015-03-26 17:15:24,16480303,com.game.qcy.pkg,2015032617,15,2016-03-17 09:44:53,773204,anzhi,,none,none,"deterministic_rank_seed=20260727; filters=vt>=10,apk_iqr,dex_date_range;family_stratification=pending_label_crossref"
00E8F43579E2357E83D2FAB44D4BA84AEB6D78292F744C15ADA20D4DE8AF7194,4CA954AF67243E615D3E6A202967F1095B521310,D131384626DF1D0DAFD41B85BFCF0FD5,2015-12-31 14:28:56,8722859,com.kingroot.kinguser,134,18,2019-06-07 06:06:29,3639796,VirusShare,,none,none,"deterministic_rank_seed=20260727; filters=vt>=10,apk_iqr,dex_date_range;family_stratification=pending_label_crossref"
0093C3D584F4F9372A97878E76D101766E01691E5D74A8B12B39C7C5A1BD547F,E8C037A1C8A5667C8997B8E75DB5F6C5DBC58F15,F720A5F044D4465BD1A5ACA8C0605DB0,2015-05-22 16:15:20,5360768,com.mobilewindowcenter,20150522,23,2016-03-23 05:59:53,3249288,mi.com|appchina,,none,none,"deterministic_rank_seed=20260727; filters=vt>=10,apk_iqr,dex_date_range;family_stratification=pending_label_crossref"
00054657348DFD08C710FCCFC92C779A942F482089CA539868004F66F2407460,ba21d3445185df33e03f8010912c461d2cd20732,0caebac893afdabe5d663f8e7486c28e,2014-01-12 18:34:20,3744636,cresents.firedragon,1,11,2014-02-12 19:58:57,727032,play.google.com,,none,none,"deterministic_rank_seed=20260727; filters=vt>=10,apk_iqr,dex_date_range;family_stratification=pending_label_crossref"
0024330D6A5193B78A9CB3597C17E61B30F39D5E5CC7EFF1C80A5B60C5904BB0,FAC80D1EAFA85AD00C97F9C76E4B833B7DCEE1D0,BA3300E989D2C0191718ABA36A7B0EC4,2017-01-13 13:54:48,3731872,com.funkylau.livewallpaper.thefieryletterr,2,18,2017-08-17 09:48:27,5617840,play.google.com,,none,none,"deterministic_rank_seed=20260727; filters=vt>=10,apk_iqr,dex_date_range;family_stratification=pending_label_crossref"
013880D66FF4445D3C25F3D3E8B40488A63864A1874145861554C178C7FCC332,B701FA75ED74D249917C926615921132DCA0F626,F070F3A986FCEDEF3179972F75A786A1,2012-08-07 10:53:52,3216123,com.baike.yanghua,15,26,2016-03-20 10:01:26,2035140,appchina,,none,none,"deterministic_rank_seed=20260727; filters=vt>=10,apk_iqr,dex_date_range;family_stratification=pending_label_crossref"
00E0DB2678E128BF1B162C545C285924FC5FDE6C1AFADA3E05DC20F8B86E6C2D,b207ed02412a29aa96eff46640d7ef096804b653,fcbb9a9f3c713475ce91bebd79eed87b,2014-02-14 08:32:02,3659026,com.msj.floor.hdwdwundred.pojie,321,17,2014-05-28 18:15:40,893812,anzhi,,none,none,"deterministic_rank_seed=20260727; filters=vt>=10,apk_iqr,dex_date_range;family_stratification=pending_label_crossref"
015DA7DB6B08066222434A751E91C17EC59617053DCC56C16B2A9BAABBE19BC1,C2B63928F5731C296F716C6E18FEA28625BFD32F,B3F40080F36374681F5B5A3B4EC4EB3A,2012-04-28 10:50:04,3852751,com.things.project.bandage,6,13,2013-09-26 23:49:49,1674364,appchina,,none,none,"deterministic_rank_seed=20260727; filters=vt>=10,apk_iqr,dex_date_range;family_stratification=pending_label_crossref"
005831269C104DAD7C7ADB7CBC838B9BFB0CE199B1C7574B28F6D66A7B624FC6,C50778179FAD244F13786C3921A5315E7999269E,D8A3B67D68A53D2CAFA1CC8219D03226,2011-09-29 17:15:30,6576687,com.wallpaper23.xyfxh,3,18,2015-01-04 19:15:46,404384,appchina,,none,none,"deterministic_rank_seed=20260727; filters=vt>=10,apk_iqr,dex_date_range;family_stratification=pending_label_crossref"
0022A484CA5D219B98AA3EFBCCC9D7347E092FD847F9FBF58A93D67C124BFE4F,AB72DFDD4D40985A7DC17D6E3931C2589744AEE1,E63296950B3918707DF75E58CE843D04,1980-01-01 00:00:00,2504053,off.mssa.paytt.my.mypaytmoffer,1,31,2022-10-13 09:59:44,2251060,VirusShare,,none,none,"deterministic_rank_seed=20260727; filters=vt>=10,apk_iqr,dex_date_range;family_stratification=pending_label_crossref"
01146CB035BF6B15AA4A7D43DEFA2CEE3E7B0CC24F9050533B1CCCCCC78AFDA0,7D8D0BAD46D9F862C84151D3420A33294ED88C82,DB974E068DD074D3B17EDD2B36FE4D48,2012-03-21 12:05:28,3591277,com.aniwidgets.circuitboardlwp,23,19,2016-02-03 17:54:46,160512,appchina,,none,none,"deterministic_rank_seed=20260727; filters=vt>=10,apk_iqr,dex_date_range;family_stratification=pending_label_crossref"
0089B4C3F6FC4E64829A0D57D4E6D5CAB04D0E614710D5D38B0641F49D5257E5,3BA565325E3DD41549A9AD321E39CE6A97CC4E9D,63ACEC04855AC0C5641247F5BA3D48B9,2016-06-09 17:28:58,3096277,com.Schulte.ghongcarpente0514,3,19,2019-02-23 23:57:48,1206704,VirusShare,,none,none,"deterministic_rank_seed=20260727; filters=vt>=10,apk_iqr,dex_date_range;family_stratification=pending_label_crossref"
000CE95F2243A4C8A82614F8901454EF8E43C814FED4D4FE28BE0B606A828688,240741A9312AE193F763FBA98E864F7DC3DEC734,A1170A6B530745005E7E7ADC3B04C912,2015-11-26 11:06:02,16895297,com.xingjikh.xjstillmhm,11,13,2016-02-03 09:52:40,22312,anzhi,,none,none,"deterministic_rank_seed=20260727; filters=vt>=10,apk_iqr,dex_date_range;family_stratification=pending_label_crossref"
00F053F6589A34DBF28B63341314A85A55221E7649922ABEDE349844C5D836E5,49B435B06EF9509DFE926B281E8F9B457E17E416,FA6586ECAD4344AF5DAC2584E5B3E73B,2014-09-20 17:47:32,7093020,com.sahazdev.ucapanselamatiduladha,1,15,2016-04-08 19:24:47,7727004,PlayDrone|play.google.com,,none,none,"deterministic_rank_seed=20260727; filters=vt>=10,apk_iqr,dex_date_range;family_stratification=pending_label_crossref"
00CFFAADB43C3B669B67CD9E7B06755BBF0BE0A5CDDB8E920B9E3A9A906B965C,60ED59B475562E0FACE5323022A25808EA6C90E0,744215BB3F5DAA3785D360F4D52D9C4D,2017-06-05 16:29:48,6742081,com.quickplain.bnurepairclient,20170605,16,2022-10-13 09:55:33,3276868,VirusShare,,none,none,"deterministic_rank_seed=20260727; filters=vt>=10,apk_iqr,dex_date_range;family_stratification=pending_label_crossref"
00C03184B2E4A070ED866AD987CF24205F3F95E17C70FEF6FC725A82798E7122,8544ec4bb9f5df25054e0f86051c6da241249440,79016416a2d0e4bfec2cd5abad46dc3d,2014-03-17 12:54:12,3553630,com.zhuygaz.hufamiaodaquan,52,14,2014-06-01 10:24:55,134908,anzhi,,none,none,"deterministic_rank_seed=20260727; filters=vt>=10,apk_iqr,dex_date_range;family_stratification=pending_label_crossref"
00B5C51C511BE7BC4A236024F57DCB620A7B54CB4BE7BA2580484D852ABC9A5F,308EBAF18529EA41C56EF433051F69FF6E23E48A,C7E94E4C97D183B7B18264D2683BE75A,2014-02-27 11:50:12,4398944,com.chihlle.lmeng,1,23,2021-06-06 16:26:38,1781108,VirusShare,,none,none,"deterministic_rank_seed=20260727; filters=vt>=10,apk_iqr,dex_date_range;family_stratification=pending_label_crossref"
0025FB51E69BA50FB5A26EEA3E22AC8644ED4BD42E211EC4874AD89F30499C30,6CF07A6943E8B4953CF334E9F9389CBD92227E6E,CC906D90A67AC0A2CDA62BD09735F711,2016-06-07 17:29:02,7143746,com.shoujiduoduo.wallpaper,2780,12,2016-07-08 00:50:36,5437232,mi.com,,none,none,"deterministic_rank_seed=20260727; filters=vt>=10,apk_iqr,dex_date_range;family_stratification=pending_label_crossref"
0173AC0FB5BC4215D30C6813C20756F0BF7F9ED9075DE0417060A3F35B883999,127e1734014e73389c3295720ec89099e6b7e75f,a9a91a0cc759fa5b11e3c6275ae8d110,2008-02-29 10:33:46,8539105,com.mlaylyjmu.mlaylyjmucpc,33,16,2013-11-16 00:50:06,818240,anzhi,,none,none,"deterministic_rank_seed=20260727; filters=vt>=10,apk_iqr,dex_date_range;family_stratification=pending_label_crossref"
008119298D696EE2CAF698BBFA9E7B5639DD414B3C1F013A279D19A79EB5C5AF,94ba2bda5ba6bc8a2f9360537d0e04f0f50d721a,5ca783b2b4a42c204d0a939e893d3a6c,2013-11-01 18:29:32,4691051,com.thefool.turnellio,1,17,2013-12-03 11:24:08,3021400,anzhi,,none,none,"deterministic_rank_seed=20260727; filters=vt>=10,apk_iqr,dex_date_range;family_stratification=pending_label_crossref"
009F975B205AFDA98595A16A81C0049707AAD3C8DB0182CF423B1CC3130121B8,94F55E53281BF5D265155F5B0F5E5F3331D7097A,3E89531F4E15145E9284C4D52CD951A0,2012-11-28 23:40:44,2825592,cn.hongxiu.singlebook206982,2,21,2014-01-31 10:31:50,2313784,appchina,,none,none,"deterministic_rank_seed=20260727; filters=vt>=10,apk_iqr,dex_date_range;family_stratification=pending_label_crossref"
012E335B8DA9F01C7C65C55507648ADFF0B10CE17BC6CC734D87F76649BB5643,8a492858e72cb5ec27f4f39d40855ac22f146edf,f761136918039012146ec5bf8f28c482,2014-02-27 08:01:24,7677764,com.dsfreegame.mingjiang1117,9,13,2014-05-28 04:38:38,334028,anzhi,,none,none,"deterministic_rank_seed=20260727; filters=vt>=10,apk_iqr,dex_date_range;family_stratification=pending_label_crossref"
0007F44CD054FC243E6D313584331EE513AB5F153EBE53B6BF130A66C10582D5,8609F8BD907FE9CC2C6EB68084654B750FC1122C,FD459D4017D6BE219AF47776E2DFB26B,2019-11-07 10:15:20,8458109,com.byteof.weatherwy,100,11,2021-08-26 01:24:00,3570220,VirusShare,,none,none,"deterministic_rank_seed=20260727; filters=vt>=10,apk_iqr,dex_date_range;family_stratification=pending_label_crossref"
0103713CF9E827200929F76E658FE5E070CB59CD1667AD080FCBD144BC124D26,6A6B545AF57C2D5B7703DA3F172224060781BC45,342E6A606A36C01EF2EA0A22D2E14D1D,2015-09-02 03:23:48,18147664,com.tadngo.qsgmroas,150902,15,2016-03-20 10:41:50,1271188,anzhi,,none,none,"deterministic_rank_seed=20260727; filters=vt>=10,apk_iqr,dex_date_range;family_stratification=pending_label_crossref"
000F213732D123509798E073196AD3E44D71B9005BB7CD9C2533A85D89641EDB,25E2B640C949A5679643B130BDDAA4D7D23D9CAD,6A29528FB82B2A9FBF834661293E9633,2014-07-28 20:00:40,2682298,com.mobincube.android.sc_6H73E,2,11,2019-07-04 06:33:12,5702520,PlayDrone,,none,none,"deterministic_rank_seed=20260727; filters=vt>=10,apk_iqr,dex_date_range;family_stratification=pending_label_crossref"
000A4E2E16E030DCB36B1059542DE909D0C80ACCE88F26EA710F5CE94970B307,e534e0e5d38832a1f0cc6174629bc949b235b2c2,7e6520e67b79993e6fca41f1a468d016,2012-12-11 21:09:14,2496668,com.leixun.taofen8_boyangjiafang,7,11,2014-02-12 12:59:10,937628,appchina|anzhi,,none,none,"deterministic_rank_seed=20260727; filters=vt>=10,apk_iqr,dex_date_range;family_stratification=pending_label_crossref"
005E62A4CFA937CF693607280BDF66F41ACFDB41DC5B09EFFA2506C0C35129E2,FAA621B1684AAAD8002D435E4231AC751645C0DC,D4A0B999F785DC86F24087A9DF5F0E9A,2014-09-12 10:02:20,6100080,com.yoursite.easy4fastdownloadmanager,1,10,2016-08-18 05:12:07,7723356,play.google.com|PlayDrone,,none,none,"deterministic_rank_seed=20260727; filters=vt>=10,apk_iqr,dex_date_range;family_stratification=pending_label_crossref"
00071B48F368265D03AFC385D61DABA4B6100C8723A017363F6035C0C46CD3E8,EF5160D87025CA94B835475253A8BF0AC8281E8A,1CC4B5D4B4AA1965F31FCE5DDF0DD6AC,1980-01-01 00:00:00,3151615,com.shineviewapps,227,25,2020-10-04 13:19:11,5761552,VirusShare,,none,none,"deterministic_rank_seed=20260727; filters=vt>=10,apk_iqr,dex_date_range;family_stratification=pending_label_crossref"
00977A3AEC0EF4D6501D0186DE1B8BD6B04C898EC103AB89A7281E2A6EED9588,0CC71E1FD8DDAA3DE00FE3D5A41659431BEE3FEA,DD24D12737DD9037E287D92F6954C4D6,2011-07-29 10:06:32,3189550,com.apples.wallpapers,21,20,2016-03-19 14:26:17,681048,appchina,,none,none,"deterministic_rank_seed=20260727; filters=vt>=10,apk_iqr,dex_date_range;family_stratification=pending_label_crossref"
008BFE4736D0B31F12A1C49AF6B25929089D53F851CAC51D84AF03054E378E40,0748A40CDE1A39D6F82A34ABA5EC49769D73697B,2F9D1D8098F45405EEEA47B9B5DBE261,2012-07-02 21:10:36,2571862,com.vshjn.zmtef.pkdgb.uoqix.lawcy.shjnz,1,11,2016-01-15 19:48:25,348532,appchina,,none,none,"deterministic_rank_seed=20260727; filters=vt>=10,apk_iqr,dex_date_range;family_stratification=pending_label_crossref"
00F713E5F83967E1FE6FDB5D85EFE58AD375CBDAADDA0198F7F8AB8B678C99C6,B964DC73798904642E9D0A7F4708524AB5069E7B,7B9120EA4B825CF0B119DF15B054E214,2011-12-08 16:01:30,7681260,com.fullsim.falaozhanzheng,1,13,2014-12-21 12:57:42,124028,appchina,,none,none,"deterministic_rank_seed=20260727; filters=vt>=10,apk_iqr,dex_date_range;family_stratification=pending_label_crossref"
00F0BAEC71055E086A51A568DE49544E93C6AF25A7441A933635187F5636DE5E,C40E68197BEEF141DBA91B1CF72D31D095F4AD72,71D1B049F5E63E53C888C0BE3F0B42AD,2015-08-12 21:44:06,5564291,net.pyrosphere.qsgmlastfish,150812,18,2016-03-16 20:19:12,439564,anzhi,,none,none,"deterministic_rank_seed=20260727; filters=vt>=10,apk_iqr,dex_date_range;family_stratification=pending_label_crossref"
00D7BB11E077EE90D6E8CEABE04993564B93FDCE91C579F43F783653A81396E5,3e17fba752b06c5e5f6c5671371f53f42a22a7d0,867cf04224ed6c95195a81af37119e91,2014-07-16 01:16:46,7626012,com.android.prnl,62,16,2014-07-29 23:23:04,1804180,anzhi,,none,none,"deterministic_rank_seed=20260727; filters=vt>=10,apk_iqr,dex_date_range;family_stratification=pending_label_crossref"
00A5A7355CF9A1B8FF2E48D073C675EA52C0EB29156E4A51932E6BA6E615D0FF,BE062BC98F1D593DE554E041C0DE32191336862D,D91986FBB05AC932D8AE3C3D1C0F9A83,2012-10-23 21:59:28,2523944,com.readnovel.book_28140,21,16,2015-03-04 23:32:04,1348156,appchina,,none,none,"deterministic_rank_seed=20260727; filters=vt>=10,apk_iqr,dex_date_range;family_stratification=pending_label_crossref"
000E3A119FA900E36C39CC3E80F121A3DE2A7AC89CD0CADF7AAE6C4DA36B4DD6,26AF8652DA250A1A645064D74B908CEC37F67EFA,BF796841E0CBEB23F7BD16DAFB09650C,2016-01-15 10:23:10,2930422,com.bumogu.easyremind,5,16,2019-11-20 13:58:04,257592,anzhi,,none,none,"deterministic_rank_seed=20260727; filters=vt>=10,apk_iqr,dex_date_range;family_stratification=pending_label_crossref"
0199E63CD68E2634649BBEEBA762311A5FC278CBC88B5B2A8C61F4D2A4FB72CE,D3B318734EC3716A135A2DD1804DA224C98208B7,F4DFF96DC2DB8E3605906E85682EE37C,2015-05-07 22:19:28,3747104,cn.com.lw.LSK_08_three,57,12,2020-04-20 03:03:41,2337684,appchina,,none,none,"deterministic_rank_seed=20260727; filters=vt>=10,apk_iqr,dex_date_range;family_stratification=pending_label_crossref"
01584D871C52639A1E479F42C936B7430DF0B86ECC69B08B6CD2825EE98EA688,8959E654D6AD726A0A2FE6444C2FE561233717D5,3928034E365C1032F01C7F4F3D5F0363,2015-10-13 14:39:16,15767579,cn.kuwo.player,6992,17,2019-02-23 13:17:31,7819948,VirusShare,,none,none,"deterministic_rank_seed=20260727; filters=vt>=10,apk_iqr,dex_date_range;family_stratification=pending_label_crossref"
019AB6C2F1A40F7E2A54A2A56CB5EB7EEABCB33398A2686F65253432037EA0CC,ec88324142f04e5115c11d3144000da51bb2e78d,e572c44d8ea4cffcd089c3075f05229f,2014-06-12 11:52:10,6886860,com.polarbit.whrkyzixovandqf,164,13,2014-06-19 19:19:05,1116692,anzhi,,none,none,"deterministic_rank_seed=20260727; filters=vt>=10,apk_iqr,dex_date_range;family_stratification=pending_label_crossref"
015C0F8C7235252CFA52144BB2B4B08C9F046FD57612ECCDBDCBC41A5941F24D,1714B5ED65547E7AE57BFA2F81A5D8C407EC319B,A489AF4840BB3521D7912A232E7D295A,2017-09-29 21:58:46,9116721,com.juarakejujuran.edutika,1,13,2018-10-10 22:02:41,1348568,play.google.com,,none,none,"deterministic_rank_seed=20260727; filters=vt>=10,apk_iqr,dex_date_range;family_stratification=pending_label_crossref"
00A635534E532FFB4490A99766CC7768038DF09095E7BB2DD340F27721E2E854,D10C91BD02E3A1CA53FADF7E049ED67757024973,A78EF7AB5E16CE30060A49908FD7EAA4,2020-08-15 23:07:44,3442215,com.ce.android.brand.streatsfooddrink,1,22,2020-08-21 20:27:44,906292,VirusShare,,none,none,"deterministic_rank_seed=20260727; filters=vt>=10,apk_iqr,dex_date_range;family_stratification=pending_label_crossref"
003B2586057D010D7687894F087AB42A8EA312ED4F4446E49A3496F5A7EBDBFF,E2BF1267DD7B7E01D5FDD351D62E81379562D698,A67906024C0A8FFFD6B620AC3E7FB2A0,2013-11-22 12:15:06,4577502,cn.chinabus.main,1104,14,2019-09-08 22:59:32,3057740,VirusShare,,none,none,"deterministic_rank_seed=20260727; filters=vt>=10,apk_iqr,dex_date_range;family_stratification=pending_label_crossref"
0196567867A1C145D256381F6D674DAEB384D5099FAD7F795ADD7E5C9D27DE17,c0f8f05a78233b80ca3140f7fc709f2f819cd6d5,24fa18f4884af43617818ebceb6ade87,2013-11-19 08:42:34,3504688,com.gao.sm,3,14,2014-05-20 07:53:18,18444,anzhi,,none,none,"deterministic_rank_seed=20260727; filters=vt>=10,apk_iqr,dex_date_range;family_stratification=pending_label_crossref"
01B71FCED1D203C80F088B5B11DE8905243E0F548AFB58B3413DFA49348DA191,BE0B5E39CD764AB9EEB31DA6602D1426D9536397,49BA5A8C34F237478AB06F7E2F112CB8,2008-02-29 02:33:46,2757197,com.princesskoloring.coloringbookpri,3,15,2018-09-06 07:06:16,5183360,play.google.com,,none,none,"deterministic_rank_seed=20260727; filters=vt>=10,apk_iqr,dex_date_range;family_stratification=pending_label_crossref"
017BD757AE9855DB1E7DE53566E0BB40ABDCEF72F559ADE4B51C18A37CF6C059,EDAC8CE4803EE4612167143FECBC0923F7F590E0,DD6F302F05EF6B55ABF1D5900CD79833,2014-10-20 10:03:04,14947743,com.cocos2dx.JMProject,5,19,2022-10-14 12:38:28,1592880,VirusShare,,none,none,"deterministic_rank_seed=20260727; filters=vt>=10,apk_iqr,dex_date_range;family_stratification=pending_label_crossref"
010E70FB85A62376AE7B8BFABC53DF6DB83EB2C2C24EB2C218FBAD0147AC5227,72d5820d845c7bafc11cf5d80307b0deaf73012c,9406a549f8bc4688526e80d2345e5764,2014-01-05 18:38:08,8641361,mobi.zstudio.ypf,86,18,2014-05-27 16:44:10,2022732,anzhi,,none,none,"deterministic_rank_seed=20260727; filters=vt>=10,apk_iqr,dex_date_range;family_stratification=pending_label_crossref"
011AA03F603C2B204BEBADC9577FE1FBC506266C84A6EBB3C1ED439B65D70790,af9a23aa77cd95cb04a78243ab6493c14b25ff5a,07b41dddb64f19829e93adee51956dbb,2013-03-29 04:42:06,6050961,com.anansejump1.com,4,11,2014-02-28 09:03:52,892688,play.google.com|PlayDrone,,none,none,"deterministic_rank_seed=20260727; filters=vt>=10,apk_iqr,dex_date_range;family_stratification=pending_label_crossref"
00577EDFBE2E0F75527ED7A886EF856ADE5502124A2F5E880ABAF1B92CB9888E,7E640201A67842E08BDB75774931B70297322B32,C1BE752AFEA836705D4F1E21DDE8AB9B,2013-04-03 14:48:52,3737384,com.androidbox.hytxsgyytbpush,1,26,2015-12-31 14:21:11,1087708,appchina,,none,none,"deterministic_rank_seed=20260727; filters=vt>=10,apk_iqr,dex_date_range;family_stratification=pending_label_crossref"
